name,pca1_mean,pca2_mean,svf_mean,vert_mean,vert_dsv,Re_mean,omni_mean,eigenentropy_mean,surf_area,compactness,density,uniformity
hhi.ply,0.04172618902204298,0.4779400604965744,0.48033375048138216,0.29278238891660435,0.2752108513097938,1747.7931323591752,8718.3173828125,-1336983.7724942612,2.100323159850122e10,0.24431102260005422,7.202678270360163e-9,0.2041002898620515
