name,pca2_mean,pca2_std,pca2_entropy,pca2_ggd1,pca2_ggd2,pca2_aggd1,pca2_aggd2,pca2_aggd3,pca2_aggd4,pca2_gamma1,pca2_gamma2,omni_mean,omni_std,omni_entropy,omni_ggd1,omni_ggd2,omni_aggd1,omni_aggd2,omni_aggd3,omni_aggd4,omni_gamma1,omni_gamma2,egen_mean,egen_std,egen_entropy,egen_ggd1,egen_ggd2,egen_aggd1,egen_aggd2,egen_aggd3,egen_aggd4,egen_gamma1,egen_gamma2,vert_mean,vert_std,vert_entropy,uniformity
hhi,0.63502234,0.07513841,6.763280532531079,10.000000000000007,0.6394523,5.223000000000004,0.3096086810277992,0.8331511,1.1975926,71.42569116043524,0.008890672102249423,2225.2766,1456.1577,5.509506878193331,3.621000000000003,2659.3699,1.2650000000000008,0.573927490298226,0.64291686,1.4135667,2.3353479672647524,952.867228578138,-423582.416851399,80783.79881789554,4.270412187466489,10.000000000000007,431216.974117693,0.6750000000000005,-0.546511932671101,1.4555145416453659,0.5823300109026719,27.493357979176643,-15406.718130692461,0.6695508,0.24674317,7.416462782793656,0.0284160488379548
