l_mean,l_std,l_entropy,a_mean,a_std,a_entropy,b_mean,b_std,b_entropy,curvature_mean,curvature_std,curvature_entropy,curvature_ggd1,curvature_ggd2,curvature_aggd1,curvature_aggd2,curvature_aggd3,curvature_aggd4,curvature_gamma1,curvature_gamma2,anisotropy_mean,anisotropy_std,anisotropy_entropy,anisotropy_ggd1,anisotropy_ggd2,anisotropy_aggd1,anisotropy_aggd2,anisotropy_aggd3,anisotropy_aggd4,anisotropy_gamma1,anisotropy_gamma2,linearity_mean,linearity_std,linearity_entropy,linearity_ggd1,linearity_ggd2,linearity_aggd1,linearity_aggd2,linearity_aggd3,linearity_aggd4,linearity_gamma1,linearity_gamma2,planarity_mean,planarity_std,planarity_entropy,planarity_ggd1,planarity_ggd2,planarity_aggd1,planarity_aggd2,planarity_aggd3,planarity_aggd4,planarity_gamma1,planarity_gamma2,sphericity_mean,sphericity_std,sphericity_entropy,sphericity_ggd1,sphericity_ggd2,sphericity_aggd1,sphericity_aggd2,sphericity_aggd3,sphericity_aggd4,sphericity_gamma1,sphericity_gamma2
31.83287781002932,17.764023435523843,7.242154783399083,0.4567024139443611,4.845898516129501,5.905509096872358,-3.9863900715156166,6.100314830043609,6.571355786675551,0.002078054239973426,0.008906597271561623,2.9133899449727845,0.2,0.009145802818238735,0.24200000000000005,0.7076124771710888,0.19017647206783295,2.43920636177063,0.05443654559229594,0.03817387943140216,0.9964872002601624,0.016655175015330315,2.380867612445886,10.000000000000007,0.9966264367103577,0.22400000000000003,-0.6684119593181228,2.489870071411133,0.17319369316101074,3579.6907423722005,0.00027837241109784287,0.40738973021507263,0.1804162710905075,7.225801513958213,10.000000000000007,0.4455518126487732,4.2340000000000035,0.13751621805310285,0.9228755831718445,1.0859992504119873,5.098815485370324,0.0798989047153034,0.5890975594520569,0.1803891509771347,7.228648857345108,10.000000000000007,0.6160975098609924,4.274000000000004,-0.1362441860134893,1.08516526222229,0.9236147403717041,10.664834528243375,0.055237384090370184,0.0035127068404108286,0.016655176877975464,2.3808290013017275,0.2,0.01702156476676464,0.22400000000000003,0.6684090013915271,0.17318832874298096,2.489854335784912,0.044482151222809074,0.07896890324540956
