name,pca1_mean,pca2_mean,svf_mean,vert_mean,vert_dsv,Re_mean,omni_mean,eigenentropy_mean,surf_area,compactness,density,uniformity
hhi.ply,0.041726189021698945,0.47794006049246407,0.4803337504772171,0.29278238891660435,0.2752108513097938,1747.7929011921362,8379.94520019009,-1291285.9032431985,2.100323059288845e10,0.2443110085913389,7.202678683359438e-9,0.2041002898620515
hhi_17.ply,0.10899341538760103,0.4516340358272656,0.4393725487841624,0.3014889716435821,0.2762259574379728,389.7154742514232,119674.72631716727,-14328272.641928175,2.0995927437326206e10,0.24158955281319647,7.198875605198981e-10,0.20558462508138783
hhi_5.ply,0.08047040148263188,0.4685714070313572,0.4509581914851425,0.2861878538259919,0.26631579077991085,4250008552.2181396,248759.83381816745,-15248953.321553655,2.1019768472747704e10,0.2367846302109368,7.404382245460181e-10,0.2046630145715702
hhi_35.ply,0.35023972537176773,0.32155896012441487,0.3282013145011493,0.39129568603357734,0.29787786758520884,2.152006542253736,134424.59800636154,-5101532.272117234,4.077691364661656e10,0.20938158810352628,6.619002812518736e-9,0.20423169021980758
